year,road_t,road_n,car,puj,uv,taxi,pub,truck,trailer,mc,tricycle,total,year_cat,year_int,car_log,puj_sqrt,uv_log1p,taxi_sqrt,pub_log,trailer_log1p,mc_sqrt,tricycle_sqrt,total_log
2017-01-01,C1,RECTO,21366,131340,21720,4069,5450,584,3,19551,3253,64677,2017,2017,9.969556152505833,362.4086091692635,9.985988774047872,63.788713735268246,8.60337088765729,1.3862943611198906,139.82489048806724,57.0350769263968,11.077160930426118
2017-01-01,C2,MENDOZA,49430,560,5190,5358,2130,5102,731,21983,987,84379,2017,2017,10.808312806301005,23.664319132398465,8.554488976159934,73.1983606373804,7.6638772587034705,6.595780513961311,148.26665167865633,31.416556144810016,11.343073834458544
2017-01-01,C2,QUIRINO AVENUE,59647,15740,4540,6852,990,5958,981,27686,1867,105118,2017,2017,10.99619913288327,125.45915670049756,8.420682291035394,82.7768083462995,6.897704943128636,6.889591308354466,166.3911055315157,43.2087954009366,11.562838807662253
2017-01-01,C3,ARANETA AVENUE,40306,19450,140,4207,60,4163,607,26107,2675,80030,2017,2017,10.604255620227434,139.46325680981354,4.941642422609304,64.8613906727261,4.0943445622221,6.410174881966167,161.5766072177529,51.720402163943,11.290156843361093
2017-01-01,C4,EDSA,247527,23690,72290,20022,122830,8830,2,69438,28,367728,2017,2017,12.419274945949992,153.9155612665594,11.188441085994343,141.4991166050163,11.71855656453314,1.0986122886681098,263.51091059005506,5.291502622129181,12.815098813424711
2017-01-01,C5,C5,133171,9230,84420,7293,2210,10121,680,57881,19,218751,2017,2017,11.799389295666765,96.0728889958036,11.34355961933649,85.39906322671227,7.700747794511798,6.523562306149512,240.58470441821524,4.358898943540674,12.295689375637984
2017-01-01,R1,ROXAS BOULEVARD,120524,420,76260,16660,21030,747,1111,42191,116,191120,2017,2017,11.699604182205592,20.493901531919196,11.241903833411556,129.07362240210043,9.953705268696746,7.013915474810528,205.40447901640314,10.770329614269007,12.160656781999691
2017-01-01,R2,TAFT AVENUE,36558,121520,132360,5643,37490,640,10,18028,570,90586,2017,2017,10.506655319476549,348.5971887436845,11.793280762035549,75.11990415329349,10.531829509729958,2.3978952727983707,134.2683879399764,23.874672772626646,11.41405495470448
2017-01-01,R3,SSH,65381,3530,6840,6650,8920,5182,2376,21797,62,103377,2017,2017,11.08798697535854,59.413803110051795,8.830543010616596,81.54753215150045,9.096051225574055,7.773594467360194,147.63807097087118,7.874007874011811,11.546137779176325
2017-01-01,R4,SHAW BOULEVARD,55632,64500,34960,4029,1070,1054,126,30724,6,101624,2017,2017,10.926513854247643,253.96850198400588,10.461959829769471,63.474404290233394,6.975413927455952,4.844187086458591,175.2826289168439,2.449489742783178,11.529035006703296
2017-01-01,R5,ORTIGAS AVENUE,71102,120540,93440,3723,8770,5029,681,50769,376,153955,2017,2017,11.171870744790926,347.18870949384285,11.445074798062054,61.0163912403872,9.079092085366229,6.525029657843462,225.31977276750482,19.390719429665317,11.944415630902544
2017-01-01,R6,MAGSAYSAY BOULEVARD,56261,59520,590,6265,7220,2859,336,28878,1241,102573,2017,2017,10.937756856503727,243.9672109116305,6.380122536899765,79.15175298121956,8.884610231886873,5.820082930352362,169.93528179868946,35.22782990761707,11.538330019191955
2017-01-01,R6,AURORA BOULEVARD,41620,147070,67010,5245,570,3674,712,25614,314,98644,2017,2017,10.636336099947625,383.49706648160947,11.112597140967216,72.42237223399962,6.345636360828596,6.569481420414296,160.04374402018968,17.72004514666935,11.499272688516442
2017-01-01,R7,QUEZON AVENUE,113905,68680,127910,15840,12170,3664,244,40759,47,195335,2017,2017,11.643120046628056,262.0686932847951,11.75908217059344,125.85706178041819,9.406729185981574,5.501258210544727,201.8885831343615,6.855654600401044,12.182471312277848
2017-01-01,R7,COMMONWEALTH AVENUE,139951,156870,131650,14400,54750,7822,518,74492,1210,272720,2017,2017,11.849047640327147,396.0681759495453,11.787902164924455,120.0,10.910532647678748,6.251903883165888,272.93222601957433,34.785054261852174,12.516200906811784
2017-01-01,R8,A. BONIFACIO,28690,36950,2220,908,14940,9278,3915,11938,650,60790,2017,2017,10.26430390897541,192.22382786741085,7.705262474866325,30.133038346638727,9.611797458686809,8.272826003650401,109.26115503691145,25.495097567963924,11.015180580742769
2017-01-01,R9,RIZAL AVENUE,32905,125460,830,2685,4920,2012,3,29449,1565,81740,2017,2017,10.40137990089022,354.2033314354906,6.721425700790643,51.81698563212646,8.501063809486354,1.3862943611198906,171.60710940983768,39.56008088970496,11.311298757118267
2017-01-01,R10,DEL PAN,35955,17630,1860,3538,730,5686,7886,23167,2011,80285,2017,2017,10.490023435536594,132.77801022759755,7.528331766707247,59.481089431852205,6.593044534142437,8.97297111339799,152.20709576100583,44.844174649557324,11.293338082983785
2017-01-01,R11,MARCOS HIGHWAY,90287,142610,45320,5165,1330,5684,412,42019,169,162662,2017,2017,11.410748764478615,377.6373922163959,10.721503715141942,71.8679344353238,7.1929342212158,6.023447592961033,204.98536533128407,13.0,11.99942970723106
2017-01-01,R11,MCARTHUR HIGHWAY,29446,87520,250,4073,18890,3208,506,34852,206,82957,2017,2017,10.290313356425354,295.83779339360956,5.521460917862246,63.8200595424354,9.846387960495555,6.2285110035911835,186.68690366493306,14.352700094407323,11.326077680243761
2018-01-01,C1,RECTO,24537,104870,22620,3040,14890,558,7,21742,2692,66814,2018,2018,10.107937461403084,323.8363784382477,10.026589749670112,55.136195008360886,9.608445125678054,2.0794415416798357,147.45168700289597,51.884487084291386,11.109667918404064
2018-01-01,C2,MENDOZA,56353,940,5790,3582,1900,5016,746,20673,1411,88644,2018,2018,10.939390756737573,30.659419433511783,8.663887570567042,59.84981202978001,7.549609165154532,6.616065185132817,143.7810835958611,37.5632799419859,11.392383627316738
2018-01-01,C2,QUIRINO AVENUE,65444,13010,3530,5111,1130,6248,1043,27239,1740,108592,2018,2018,11.088950094102968,114.06138698087096,8.169053149927343,71.49125820686051,7.029972911706386,6.950814768442584,165.04241878983717,41.71330722922842,11.59535301894354
2018-01-01,C3,ARANETA AVENUE,38740,13510,190,3604,100,4610,445,30289,2151,81219,2018,2018,10.564627936960987,116.23252556836232,5.247024072160486,60.03332407921454,4.605170185988092,6.100318952020064,174.0373523126573,46.37887450122092,11.304904488926127
2018-01-01,C4,EDSA,251628,19400,69030,20871,133560,3027,6,86082,15,383828,2018,2018,12.435707085374746,139.2838827718412,11.142296471697522,144.46798953401407,11.802306094057592,1.9459101490553132,293.3973415012481,3.872983346207417,12.857949814558562
2018-01-01,C5,C5,133427,13780,68860,6552,9080,12624,790,73169,10,235744,2018,2018,11.801309790784385,117.38824472663352,11.139830736892515,80.94442537939224,9.11382947159534,6.673297967767654,270.49768945408755,3.1622776601683795,12.37050174948254
2018-01-01,R1,ROXAS BOULEVARD,129475,860,63660,16387,17820,992,2795,45199,405,203487,2018,2018,11.771243091292092,29.32575659723036,11.061311700836084,128.0117182136073,9.788076701024801,7.935945103353701,212.60056443951413,20.12461179749811,12.223357399760358
2018-01-01,R2,TAFT AVENUE,37789,119740,107370,5644,41290,692,4,20338,459,91766,2018,2018,10.539773333966417,346.03468034288124,11.584036092428182,75.1265598839718,10.628375618880137,1.6094379124341003,142.61135999632006,21.42428528562855,11.426997137634165
2018-01-01,R3,SSH,56104,390,3840,4382,7480,6807,2872,29545,28,100909,2018,2018,10.934962390216747,19.748417658131498,8.253227645581772,66.19667665374146,8.919988070968524,7.96311205897929,171.8865905182833,5.291502622129181,11.52197439958884
2018-01-01,R4,SHAW BOULEVARD,52128,58010,34990,3684,690,1250,155,36486,5,103077,2018,2018,10.861457511401772,240.85265205099984,10.462817585361734,60.69596362197407,6.536691597591305,5.049856007249537,191.01308855677928,2.23606797749979,11.543231560733936
2018-01-01,R5,ORTIGAS AVENUE,79128,106740,85420,3946,11150,5515,638,64245,677,174480,2018,2018,11.278822073419677,326.71088136148757,11.355335544395457,62.81719509815764,9.319194776888265,6.459904454377535,253.46597404779996,26.019223662515376,12.069565400875511
2018-01-01,R6,MAGSAYSAY BOULEVARD,59811,60890,1590,4776,7560,2821,412,37237,1666,113727,2018,2018,10.998944869510936,246.75899173079793,7.371489295214277,69.10861017268398,8.930626469173578,6.023447592961033,192.96890941288962,40.8166632639171,11.641556118566267
2018-01-01,R6,AURORA BOULEVARD,37881,149750,83610,6047,700,2027,38,33970,94,103463,2018,2018,10.54220494610679,386.975451417787,11.333918409144104,77.76245880886226,6.551080335043404,3.6635616461296463,184.30952227163957,9.695359714832659,11.546969339850815
2018-01-01,R7,QUEZON AVENUE,120080,62300,117120,16214,13970,4123,319,44462,67,204604,2018,2018,11.695913466307344,249.5996794869737,11.670954329195139,127.33420593069248,9.544667452251007,5.768320995793772,210.86014322294292,8.18535277187245,12.22883168265069
2018-01-01,R7,COMMONWEALTH AVENUE,131521,124470,125470,15878,56080,5905,381,60040,589,244916,2018,2018,11.786921813667426,352.8030612112089,11.739821965153745,126.00793625799925,10.934534521708471,5.945420608606575,245.03061033266843,24.269322199023193,12.408670573595058
2018-01-01,R8,A. BONIFACIO,32136,29800,1610,881,14080,8662,2695,14271,882,64076,2018,2018,10.377732176039117,172.6267650163207,7.383989457978509,29.68164415931166,9.552510629712033,7.899524472032198,119.46129080166513,29.698484809834994,11.067825157821375
2018-01-01,R9,RIZAL AVENUE,37404,114400,420,3062,3700,2618,4,32959,1574,89473,2018,2018,10.529532929555337,338.23069050575526,6.040254711277414,55.33534132902769,8.216088098632316,1.6094379124341003,181.54613738661587,39.67366884975475,11.401692182771942
2018-01-01,R10,DEL PAN,32883,17380,1530,2839,840,5416,8235,28426,2483,82257,2018,2018,10.400711085883833,131.83322798141597,7.333023014386481,53.28226721902888,6.733401891837359,9.01627006814768,168.6001186239203,49.82971001320397,11.317603771389255
2018-01-01,R11,MARCOS HIGHWAY,98705,131520,40060,6797,730,5351,369,49597,164,178214,2018,2018,11.499890882699768,362.65686261258037,10.59813360921981,82.44392033376384,6.593044534142437,5.91350300563827,222.70383921252906,12.806248474865697,12.090740354344799
2018-01-01,R11,MCARTHUR HIGHWAY,34663,83980,210,4189,20340,2936,516,39159,249,92165,2018,2018,10.453428114630672,289.7930295918106,5.3471075307174685,64.72248450113763,9.920344669602551,6.248042874508429,197.88633100848577,15.7797338380595,11.431335727930273
2019-01-01,C1,RECTO,21909,101150,21090,2324,7190,762,28,25439,2722,66127,2019,2019,9.99465279028822,318.04087787578504,9.95655427347282,48.2078831727758,8.880446450715093,3.367295829986474,159.49608145656745,52.172789842982326,11.099332414449899
2019-01-01,C2,MENDOZA,50045,590,2950,3870,2350,5592,877,28978,1328,91279,2019,2019,10.82067787965312,24.289915602982237,7.989560449333865,62.20932405998316,7.762170607138205,6.777646593635117,170.2292571798397,36.4417343165772,11.42167602917358
2019-01-01,C2,QUIRINO AVENUE,63263,13290,3910,3425,480,7591,1442,38103,1175,116767,2019,2019,11.055055919067469,115.28226229563678,8.271292652979412,58.52349955359813,6.173786103901937,7.274479558773871,195.19989754095673,34.27827300200522,11.667935775209369
2019-01-01,C3,ARANETA AVENUE,42708,21720,20,3672,300,3718,697,36526,2908,92433,2019,2019,10.662141535298193,147.37706741552432,2.995732273553991,60.597029630172464,5.703782474656201,6.548219102762372,191.11776474205635,53.925875050851054,11.43423933672659
2019-01-01,C4,EDSA,255732,21660,62850,18913,113130,1297,0,110167,9,405882,2019,2019,12.451885300105326,147.17336715588183,11.048506214018394,137.5245432641025,11.636292878920512,0.0,331.91414552561633,3.0,12.913817755945676
2019-01-01,C5,C5,124426,9670,54210,4533,5410,10175,960,88996,41,236060,2019,2019,11.731466440664521,98.33615815151617,10.900620672254384,67.32755750805164,8.596004371840527,6.8679744089702925,298.3219737129667,6.4031242374328485,12.37184128898306
2019-01-01,R1,ROXAS BOULEVARD,121467,2650,68850,13511,15300,975,3079,55657,213,203582,2019,2019,11.707397899933166,51.478150704935004,11.139685504156802,116.23682721065643,9.635608107380527,8.03268487596762,235.91735841179639,14.594519519326424,12.223824151105829
2019-01-01,R2,TAFT AVENUE,39103,104910,94580,4584,33820,729,1,30948,1369,100065,2019,2019,10.573954469372852,323.89813213416346,11.457201316197867,67.70524351924303,10.428807622452572,0.6931471805599453,175.920436561532,37.0,11.513575253811725
2019-01-01,R3,SSH,72648,2440,5700,5728,7630,7603,2716,40082,80,130434,2019,2019,11.193381139369665,49.39635614091387,8.648221453822641,75.68355171369801,8.939843124278502,7.907283609426348,200.20489504505127,8.94427190999916,11.778622630685234
2019-01-01,R4,SHAW BOULEVARD,50205,55080,31800,3399,990,1362,91,41082,20,104946,2019,2019,10.823869902313536,234.69128658729537,10.367221568768269,58.30094338859364,6.897704943128636,4.5217885770490405,202.6869507393113,4.47213595499958,11.561201211135119
2019-01-01,R5,ORTIGAS AVENUE,70603,111670,83510,2790,17900,3986,418,81171,461,180737,2019,2019,11.164827915496382,334.17061510551764,11.332721664147275,52.820450584977024,9.792555991828847,6.037870919922137,284.90524740692297,21.470910553583888,12.10479821488951
2019-01-01,R6,MAGSAYSAY BOULEVARD,56398,65220,1080,5444,9410,4340,938,43178,1951,119820,2019,2019,10.940188975864487,255.38206671573477,6.984716320118266,73.78346698278686,9.149528232579426,6.844815479208263,207.79316639389276,44.170125650715555,11.693745895637916
2019-01-01,R6,AURORA BOULEVARD,39342,138730,64760,6717,4630,1801,19,51539,155,120385,2019,2019,10.580047929491675,372.46476343407306,11.078443407791571,81.95730595865142,8.440312147080279,2.995732273553991,227.02202536317924,12.449899597988733,11.698450219377929
2019-01-01,R7,QUEZON AVENUE,123395,122120,78790,15371,12230,5278,403,63892,446,230099,2019,2019,11.723145870993948,349.4567212116545,11.274541364239735,123.97983707038819,9.411647228681218,6.0014148779611505,252.76866894455097,21.118712081942874,12.346264930077464
2019-01-01,R7,COMMONWEALTH AVENUE,151705,199850,110340,17245,42350,6336,470,105654,807,317471,2019,2019,11.929693124582519,447.04585894514224,11.611321786826421,131.3202193114221,10.653723700080201,6.154858094016418,325.04461232267795,28.407745422683583,12.668141754560583
2019-01-01,R8,A. BONIFACIO,38149,33380,1970,847,14520,8551,2396,18028,328,73286,2019,2019,10.549254824049264,182.70194306574848,7.585788821732034,29.103264421710495,9.583282288378786,7.781973234434385,134.2683879399764,18.110770276274835,11.202124873725472
2019-01-01,R9,RIZAL AVENUE,35836,102630,760,2602,4740,3357,56,41086,1291,95041,2019,2019,10.486708253717469,320.35917342882504,6.633318433280377,51.0098029794274,8.463792414689122,4.04305126783455,202.69681793259608,35.93048844644336,11.46206365642664
2019-01-01,R10,DEL PAN,27652,13090,1630,2391,480,4791,6173,39519,2233,84279,2019,2019,10.227453337065155,114.41153787970862,7.396335293800808,48.8978527135906,6.173786103901937,8.728102205062104,198.79386308435178,47.25462940284264,11.341888002636532
2019-01-01,R11,MARCOS HIGHWAY,106031,147270,32720,8380,2570,6199,441,81732,321,221360,2019,2019,11.5714867831684,383.7577360783754,10.395741790716682,91.54233993076646,7.851661177889265,6.091309882077698,285.88808999326994,17.916472867168917,12.307545614460807
2019-01-01,R11,MCARTHUR HIGHWAY,36050,87050,160,3974,20770,2533,348,44030,194,97927,2019,2019,10.492662142713096,295.0423698386386,5.075173815233827,63.03967004989794,9.941264916870159,5.855071922202427,209.83326714322493,13.92838827718412,11.491977582119189
2020-01-01,C1,RECTO,28622,47620,50,5395,8140,655,0,51636,2733,94622,2020,2020,10.261930931870822,218.22007240398395,3.912023005428146,73.45066371381542,9.004545458996587,0.0,227.23556059736777,52.278102490430925,11.457645286142052
2020-01-01,C2,MENDOZA,36698,5440,440,2152,2510,3115,885,24296,2490,70475,2020,2020,10.510477536644899,73.7563556583431,6.0867747269123065,46.389654018972806,7.828038032125829,6.786716950605081,155.8717421471897,49.8998997994986,11.163013315982314
2020-01-01,C2,QUIRINO AVENUE,30541,1760,1500,2636,4300,1839,769,17680,1195,55416,2020,2020,10.326825322178923,41.95235392680606,7.313220387090301,51.34199061197374,8.366370301681654,6.646390514847729,132.9661611087573,34.56877203488721,10.92262363970244
2020-01-01,C3,ARANETA AVENUE,35696,7620,230,3867,210,3546,661,38154,2237,84967,2020,2020,10.482793916672314,87.29261137118078,5.438079308923196,62.185207244167,5.3471075307174685,6.495265555937008,195.33048917155764,47.29693436154187,11.350018224795502
2020-01-01,C4,EDSA,193788,2250,14230,19316,36450,2136,68,107509,4,328114,2020,2020,12.174520057017068,47.43416490252569,9.563107691083898,138.98201322473352,10.503696737436805,4.23410650459726,327.88565079917726,2.0,12.701116387956565
2020-01-01,C5,C5,100846,3160,4360,6941,3470,10996,725,71797,14,192418,2020,2020,11.521349879730124,56.213877290220786,8.38022733634308,83.31266410336426,8.151909872940905,6.587550014824796,267.94962213072813,3.7416573867739413,12.167425367931294
2020-01-01,R1,ROXAS BOULEVARD,105863,1050,10530,8769,8510,1158,2501,70184,142,190626,2020,2020,11.569901084326506,32.4037034920393,9.261983605128021,93.64293886887575,9.04899722156742,7.824845691026856,264.92263021493653,11.916375287812984,12.158068672231693
2020-01-01,R2,TAFT AVENUE,38695,130430,126250,5888,38810,653,1,34297,1833,110916,2020,2020,10.56346567170456,361.1509379746922,11.746019347137606,76.7333043730035,10.566433224362951,0.6931471805599453,185.1944923587092,42.81354925721529,11.616528437052779
2020-01-01,R3,SSH,69900,0,450,5842,1750,9653,2878,54174,88,142755,2020,2020,11.154820928221902,0.0,6.1092475827643655,76.43297717608546,7.4673710669175595,7.965198290612176,232.7530880568505,9.38083151964686,11.868885153174553
2020-01-01,R4,SHAW BOULEVARD,46235,7370,510,6217,7320,1790,41,47331,475,103609,2020,2020,10.74149236601174,85.84870412533901,6.234410725718371,78.84795495128583,8.898365606955357,3.7376696182833684,217.55688911179072,21.79449471770337,11.548379477621188
2020-01-01,R5,ORTIGAS AVENUE,80679,24250,26110,4149,37960,4730,614,73070,416,172490,2020,2020,11.29823359734582,155.72411502397438,10.170073661693175,64.41273166075166,10.544288252723865,6.421622267806518,270.31463149448643,20.396078054371138,12.058094542758674
2020-01-01,R6,MAGSAYSAY BOULEVARD,48380,100,110,6868,8250,2755,349,50399,1943,111540,2020,2020,10.786841784164018,10.0,4.700480365792417,82.87339742040264,9.017968479328726,5.857933154483459,224.49721601837294,44.07947368106838,11.622138549943545
2020-01-01,R6,AURORA BOULEVARD,40912,120270,67260,5712,5080,2001,14,45195,101,113196,2020,2020,10.619178697530968,346.79965397906614,11.11632098529426,75.57777451076474,8.533066540572527,2.70805020110221,212.59115691862633,10.04987562112089,11.636876108437853
2020-01-01,R7,QUEZON AVENUE,126286,66760,120490,14828,14280,4311,203,71923,55,237759,2020,2020,11.746304455005347,258.37956575549856,11.699322040917322,121.77027551911016,9.566615235893575,5.318119993844216,268.184637889645,7.416198487095663,12.379012834580749
2020-01-01,R7,COMMONWEALTH AVENUE,148343,1680,2950,13643,76880,6318,265,105325,92,282137,2020,2020,11.907282438896216,40.98780306383839,7.989560449333865,116.80325337934727,11.250001043644174,5.583496308781699,324.53813335261543,9.591663046625438,12.550148047552893
2020-01-01,R8,A. BONIFACIO,41356,16600,340,1839,1750,8449,1414,25152,923,81002,2020,2020,10.629972792706583,128.84098726725125,5.8289456176102075,42.883563284783136,7.4673710669175595,7.254884810077338,158.59382081279207,30.380915061926625,11.302229124707774
2020-01-01,R9,RIZAL AVENUE,30080,99860,1010,2204,4490,2938,109,40721,956,87544,2020,2020,10.311615778063777,316.0063290505429,6.917705609835305,46.94677837722201,8.4096079807363,4.700480365792417,201.79444987412316,30.919249667480614,11.379896803098278
2020-01-01,R10,DEL PAN,45911,6880,280,2304,2540,6281,7342,42621,2166,107595,2020,2020,10.734460018752944,82.94576541331088,5.634789603169249,48.0,7.8399193600125825,8.90150275745161,206.44854080375575,46.54030511288038,11.586129457228644
2020-01-01,R11,MARCOS HIGHWAY,102714,126660,33130,7762,4540,5125,225,90421,453,223133,2020,2020,11.539703706002834,355.89324241968967,10.408194495293941,88.10221336606703,8.420682291035394,5.420534999272286,300.7008480200879,21.283796653792763,12.315523285215026
2020-01-01,R11,MCARTHUR HIGHWAY,33129,83000,410,3720,22440,3923,183,59340,190,111070,2020,2020,10.408164310715241,288.09720581775866,6.016157159698354,60.991802727907626,10.018600359636633,5.214935757608986,243.59802954868087,13.784048752090222,11.617915912161166
2021-01-01,C1,RECTO,27447,39800,120,4844,4310,924,80,45082,1660,84460,2021,2021,10.220012151347644,199.49937343260004,4.787491742782046,69.59885056522126,8.368693183097793,4.394449154672439,212.3252222417299,40.74309757492672,11.344033328487935
2021-01-01,C2,MENDOZA,37472,33840,90,3575,680,8186,1897,54136,662,109389,2021,2021,10.531349266397443,183.9565166010707,4.499809670330265,59.79130371550699,6.522092798170152,7.5485559791698735,232.67144216684608,25.729360660537214,11.602665615468615
2021-01-01,C2,QUIRINO AVENUE,73167,7270,640,3837,3640,7606,1251,88445,2420,177881,2021,2021,11.200499778627531,85.26429498916883,6.461468176353717,61.94352266379432,8.199738960630786,7.132497551660044,297.397041007472,49.193495504995376,12.088870066376314
2021-01-01,C3,ARANETA AVENUE,30942,940,100,2789,560,3397,754,33872,668,72582,2021,2021,10.339869763279014,30.659419433511783,4.605170185988092,52.81098370604357,6.327936783729195,6.626717749249025,184.04347312523745,25.84569596664017,11.192472236187903
2021-01-01,C4,EDSA,58726,0,90,2361,10,2200,447,36033,488,100265,2021,2021,10.980637837904906,0.0,4.499809670330265,48.590122453025366,2.302585092994046,6.104793232414985,189.8236023259489,22.090722034374522,11.515571959911133
2021-01-01,C5,C5,199402,16380,26040,19287,55270,2188,45,141564,16,372271,2021,2021,12.203078166549846,127.98437404620925,10.167389096322506,138.87764398923247,10.919985544827309,3.828641396489095,376.2499169435124,4.0,12.827377362655533
2021-01-01,R1,ROXAS BOULEVARD,95063,93660,19880,11734,15750,3076,1849,81895,2793,209339,2021,2021,11.462295108685383,306.0392131737369,9.897469480210566,108.32358930537707,9.66459564425378,7.52294091807237,286.1730245847781,52.848841046895245,12.251710226479533
2021-01-01,R2,TAFT AVENUE,43676,85520,44000,5970,18650,1022,7,45416,3807,114715,2021,2021,10.684554031133956,292.43802762294786,10.691944912900398,77.26577508832743,9.833601425071961,2.0794415416798357,213.11030007955975,61.7008914036094,11.650206070504263
2021-01-01,R3,SSH,96111,1870,800,5740,3670,6664,2093,75867,80,187189,2021,2021,11.473259052507764,43.243496620879306,6.684611727667927,75.76278769950325,8.207946941048617,7.646831391430482,275.4396485620761,8.94427190999916,12.13987408061539
2021-01-01,R4,SHAW BOULEVARD,48612,11270,7570,7958,3250,798,101,45517,10,105205,2021,2021,10.79162569299069,106.1602562167217,8.931948346431495,89.20762299265685,8.086410275323782,4.624972813284271,213.347134970217,3.1622776601683795,11.563666106673413
2021-01-01,R5,ORTIGAS AVENUE,73145,68660,36190,3176,31770,4571,486,90210,449,185699,2021,2021,11.200199051412186,262.03053257206494,10.496538116557788,56.356011214421486,10.366277727263562,6.18826412308259,300.349796071181,21.18962010041709,12.13188236229668
2021-01-01,R6,MAGSAYSAY BOULEVARD,57031,50430,430,7255,3910,2138,380,66360,1292,139933,2021,2021,10.95135025862775,224.5662485771181,6.063785208687608,85.17628778010932,8.271292652979412,5.942799375126701,257.60434778939583,35.94440151122286,11.848919015611015
2021-01-01,R6,AURORA BOULEVARD,36367,74240,14580,4200,10050,1922,20,48318,98,100812,2021,2021,10.501417049013888,272.47018185482244,9.587406005562649,64.8074069840786,9.215327913487222,3.044522437723423,219.81355736168777,9.899494936611665,11.521012675152848
2021-01-01,R7,QUEZON AVENUE,120383,20940,28130,13139,11110,4493,287,117718,90,262128,2021,2021,11.698433605874474,144.70659971127785,10.244591901483902,114.62547709824373,9.315600882633676,5.662960480135946,343.10056834694984,9.486832980505138,12.476588213060044
2021-01-01,R7,COMMONWEALTH AVENUE,135153,17400,48790,14663,58790,5914,366,133591,131,302316,2021,2021,11.8141627490165,131.90905958272918,10.795280652809883,121.09087496587016,10.9817270513963,5.905361848054571,365.50102599035205,11.445523142259598,12.619228106922344
2021-01-01,R8,A. BONIFACIO,27772,32470,530,1101,5500,8334,1162,29066,1222,72507,2021,2021,10.231783597873164,180.19433953373786,6.272877006546167,33.18132004607411,8.612503371220562,7.0587581525186645,170.48753620133056,34.95711658589707,11.191438387906086
2021-01-01,R9,RIZAL AVENUE,33217,66830,280,3494,5430,2788,0,59406,747,106906,2021,2021,10.41081707204541,258.5149898942032,5.634789603169249,59.1100668245266,8.599694412927981,0.0,243.73346097735535,27.331300737432898,11.579705222659765
2021-01-01,R10,DEL PAN,39187,6300,380,2391,1470,6043,6506,44121,3753,102816,2021,2021,10.576100338123224,79.37253933193772,5.940171252720432,48.8978527135906,7.293017679772782,8.780633799494984,210.04999404903586,61.26173356998641,11.540696261915585
2021-01-01,R11,MARCOS HIGHWAY,109691,76820,8820,7659,4800,6687,522,99611,252,233466,2021,2021,11.605422600965156,277.1642112539063,9.084777149000837,87.51571287488893,8.476371196895983,6.259581464064923,315.6121036969273,15.874507866387544,12.36079173521051
2021-01-01,R11,MCARTHUR HIGHWAY,30529,37400,20,4834,8550,2858,194,80178,200,123390,2021,2021,10.326432330524938,193.39079605813717,2.995732273553991,69.52697318307479,9.053686561930807,5.272999558563747,283.15720015567325,14.142135623730951,11.72310534989258
2022-01-01,C1,RECTO,27587,67490,7560,3554,900,651,169,44687,1854,86097,2022,2022,10.225099926250317,259.7883754135277,8.930626469173578,59.61543424315552,6.802394763324311,5.135798437050262,211.392998937997,43.05810028322197,11.36322984660321
2022-01-01,C2,MENDOZA,83148,5230,2430,5384,1550,3786,12,80092,1900,175243,2022,2022,11.328377431415381,72.31873892705818,7.795646536334594,73.37574531137656,7.346010209913293,2.5649493574615367,283.0053003037222,43.58898943540674,12.073928861160438
2022-01-01,C2,QUIRINO AVENUE,68697,60,810,3963,2090,3198,53,70437,973,147617,2022,2022,11.137460809134689,7.745966692414834,6.697034247666484,62.95236294214857,7.644919344958857,3.9889840465642745,265.39969856802776,31.192947920964443,11.902376360668008
2022-01-01,C3,ARANETA AVENUE,59994,140,160,2758,260,2639,507,44877,1475,112306,2022,2022,11.001999836203904,11.832159566199232,5.075173815233827,52.51666402200353,5.560681631015528,6.230481447578482,211.84192219671723,38.40572873934304,11.628982567616301
2022-01-01,C4,EDSA,202764,18030,24750,18186,55880,2295,119,151847,20,385096,2022,2022,12.21979802014865,134.27583550289307,10.116580767996837,134.85547819795826,10.930961813370898,4.787491742782046,389.675506030338,4.47213595499958,12.861247932836566
2022-01-01,C5,C5,93513,4050,26680,4123,7890,8993,1151,100133,44,211819,2022,2022,11.445855743045126,63.63961030678928,10.19166950002956,64.21059102671458,8.97335141383992,7.049254841255837,316.43798760578665,6.6332495807108,12.263487415396996
2022-01-01,R1,ROXAS BOULEVARD,90400,680,24610,9018,5950,1077,2050,80120,290,186079,2022,2022,11.411999546380267,26.076809620810597,10.110908143385101,94.96315074806648,8.691146498539675,7.62608275807238,283.0547650190683,17.029386365926403,12.133926593705377
2022-01-01,R2,TAFT AVENUE,73942,146220,76480,4923,11740,1647,164,83705,6639,194464,2022,2022,11.211036281083421,382.38723828077735,11.244784547725283,70.16409338115899,9.370757093382087,5.10594547390058,289.31816396486414,81.48005891014071,12.178002334935082
2022-01-01,R3,SSH,146455,44130,2460,7920,48930,6870,3497,86204,51,260549,2022,2022,11.894473493018246,210.07141642784245,7.807916628926408,88.99438184514796,10.798145984283169,8.159946655578548,293.6051770660729,7.14142842854285,12.47054622229507
2022-01-01,R4,SHAW BOULEVARD,47568,25450,14120,5385,480,1041,98,52739,21,110857,2022,2022,10.769915545237879,159.53056133543816,9.555347511047232,73.38255923582933,6.173786103901937,4.59511985013459,229.64973328963393,4.58257569495584,11.615996361449419
2022-01-01,R5,ORTIGAS AVENUE,66372,243570,44540,3505,9010,3988,549,75422,113,179661,2022,2022,11.103030559782677,493.52811470067235,10.704142940811359,59.20304046246274,9.106090350602384,6.309918278226516,274.6306610704639,10.63014581273465,12.098827020836948
2022-01-01,R6,MAGSAYSAY BOULEVARD,47686,61440,9170,5434,1520,1644,272,64643,1612,128504,2022,2022,10.772393132748352,247.8709341572747,9.123692565250511,73.71566997592845,7.326465613840322,5.60947179518496,254.24987708944914,40.149719799769464,11.763715311237602
2022-01-01,R6,AURORA BOULEVARD,43305,79540,21210,5600,5220,1988,42,57926,167,119625,2022,2022,10.676023380765145,282.02836736753983,9.962228047558728,74.83314773547883,8.560252680876685,3.7612001156935624,240.67820840283815,12.922847983320086,11.692117128755255
2022-01-01,R7,QUEZON AVENUE,130465,28060,29630,13003,8530,4088,314,125966,149,280606,2022,2022,11.778860270539322,167.51119365582707,10.29654264056761,114.03069762129844,9.051344640485725,5.752572638825633,354.9168916802918,12.206555615733702,12.544706829173137
2022-01-01,R7,COMMONWEALTH AVENUE,153029,55200,42230,16026,46140,7336,439,154369,628,346184,2022,2022,11.938382724897325,234.9468024894146,10.65088614792799,126.59383871263246,10.739435531727745,6.0867747269123065,392.8982056461953,25.059928172283335,12.75472570459617
2022-01-01,R8,A. BONIFACIO,38715,32020,720,1319,15930,7880,1458,30308,265,84812,2022,2022,10.563982400820825,178.94133116750865,6.579251212010101,36.318039594669756,9.675959402904095,7.285506548522785,174.0919297382851,16.278820596099706,11.348192321202442
2022-01-01,R9,RIZAL AVENUE,29917,71540,280,2825,260,2531,15,54799,1813,99108,2022,2022,10.306182159681624,267.46962444359923,5.634789603169249,53.150729063673246,5.560681631015528,2.772588722239781,234.09186231050407,42.579337712087536,11.503965443598718
2022-01-01,R10,DEL PAN,34415,6560,430,1950,1630,6051,8610,43733,2481,98102,2022,2022,10.446247794832464,80.99382692526635,6.063785208687608,44.15880433163923,7.396335293800808,9.060795734696166,209.124364912365,49.80963762164909,11.493763032705472
2022-01-01,R11,MARCOS HIGHWAY,100373,78610,8050,6473,5420,4853,343,106963,257,228470,2022,2022,11.516648525770352,280.37474921968277,8.99342737041261,80.45495634204272,8.597851094433691,5.840641657373398,327.0519836356294,16.0312195418814,12.339160189668528
2022-01-01,R11,MCARTHUR HIGHWAY,24724,40740,80,3659,4790,2386,169,64759,298,100556,2022,2022,10.115529710779164,201.84152199188352,4.382026634673881,60.489668539346454,8.474285690404962,5.135798437050262,254.47789687908065,17.26267650163207,11.518470065225578
2023-01-01,C1,RECTO,24747,72690,7270,1678,5930,666,115,49406,2190,87391,2023,2023,10.11645954852884,269.61083064298435,8.891511570527564,40.963398296528084,8.68777949199177,4.7535901911063645,222.27460493722623,46.79743582719036,11.37814758151298
2023-01-01,C2,MENDOZA,57755,110,810,3102,2400,6706,1218,74200,1922,145235,2023,2023,10.963965204722781,10.488088481701515,6.697034247666484,55.695601262577284,7.783224016336037,7.105786129481271,272.3967694375247,43.840620433565945,11.886108399157669
2023-01-01,C2,QUIRINO AVENUE,73167,7270,640,3837,3640,7606,1251,88445,2420,177881,2023,2023,11.200499778627531,85.26429498916883,6.461468176353717,61.94352266379432,8.199738960630786,7.132497551660044,297.397041007472,49.193495504995376,12.088870066376314
2023-01-01,C3,ARANETA AVENUE,73167,7270,640,3837,3640,7606,1251,88445,2420,177881,2023,2023,11.200499778627531,85.26429498916883,6.461468176353717,61.94352266379432,8.199738960630786,7.132497551660044,297.397041007472,49.193495504995376,12.088870066376314
2023-01-01,C4,EDSA,72782,450,150,2418,2480,3329,425,51266,1694,132222,2023,2023,11.195223950865525,21.213203435596427,5.0106352940962555,49.17316341257699,7.8160138391590275,6.054439346269371,226.4199637841151,41.15823125451335,11.792237607077812
2023-01-01,C5,C5,217042,6170,6240,2674,4260,9654,702,89534,7982,238695,2023,2023,12.287846162181621,78.54934754662193,8.738735461363474,51.710733895391584,8.357024439263416,6.555356891810665,299.22232537028384,89.3420393767682,12.382941865312395
2023-01-01,R1,ROXAS BOULEVARD,79313,98880,29860,11812,16250,2255,1074,80690,541,190184,2023,2023,11.28115732861339,314.45190411253674,10.304275071093182,108.6830253535482,9.695848187757884,6.980075940561763,284.05985284795173,23.259406699226016,12.155747303578108
2023-01-01,R2,TAFT AVENUE,47624,94870,61620,5278,20940,1350,510,55395,6421,134321,2023,2023,10.771092114833227,308.00974010573105,11.028741772150658,72.64984514780468,9.949416484424528,6.236369590203704,235.36142419691464,80.1311425102625,11.807987736631393
2023-01-01,R3,SSH,87963,2240,840,4644,9520,7480,2644,72806,107,176904,2023,2023,11.384671550499093,47.32863826479693,6.733401891837359,68.14690014960328,9.161150127785412,7.8804263442924,269.82586977530525,10.344080432788601,12.083362491537235
2023-01-01,R4,SHAW BOULEVARD,54622,19670,13230,4574,190,1314,62,63193,21,127095,2023,2023,10.90819201098127,140.24977718342373,9.490242257109001,67.63135367564367,5.247024072160486,4.143134726391533,251.38217916153087,4.58257569495584,11.752690117300673
2023-01-01,R5,ORTIGAS AVENUE,63651,15980,1810,3697,5450,1289,248,75383,5,146597,2023,2023,11.061170314781226,126.41202474448386,7.501082124259871,60.802960454241045,8.60337088765729,5.517452896464707,274.5596474356711,2.23606797749979,11.895442604378097
2023-01-01,R6,MAGSAYSAY BOULEVARD,52884,79590,7380,3608,7230,2011,380,67689,1924,137916,2023,2023,10.875856114629988,282.11699700656106,8.906528917594517,60.06662967072483,8.88599431515281,5.942799375126701,260.17109754928583,43.86342439892262,11.834400083156758
2023-01-01,R7,QUEZON AVENUE,139665,36970,52350,12801,13050,5101,215,144297,170,312486,2023,2023,11.84700197699074,192.27584351654787,10.865707216298683,113.14150432091665,9.47654341275084,5.375278407684165,379.8644495079791,13.038404810405298,12.652314947155043
2023-01-01,R7,AURORA BOULEVARD,45357,56770,15260,3601,6290,2307,24,62531,276,121928,2023,2023,10.72231979864831,238.2645588416372,9.632990304838447,60.00833275470999,8.746716349694486,3.2188758248682006,250.06199231390605,16.61324772583615,11.711185985565686
2023-01-01,R8,A. BONIFACIO,44888,36380,950,1554,22090,9790,1341,42042,377,105934,2023,2023,10.711925777430809,190.7354188398159,6.856461984594587,39.42080668885405,10.002880296414164,7.201916317531627,205.04145922227534,19.4164878389476,11.570571537663046
2023-01-01,R9,RIZAL AVENUE,31643,84540,390,2783,2890,2468,7,67376,1615,114674,2023,2023,10.36227223407451,290.75763102625524,5.966146739123692,52.754146756439916,7.969011781106478,2.0794415416798357,259.56887332652195,40.18706259482024,11.649848599130861
2023-01-01,R10,DEL PAN,32034,4590,250,1586,620,5515,9212,52253,3469,104615,2023,2023,10.374553117728242,67.74953874381728,5.521460917862246,39.824615503479755,6.429719478039138,9.128370809108931,228.58915109864685,58.89821729050889,11.558042223773352
2023-01-01,R7,COMMONWEALTH AVENUE,171866,145560,58530,13162,40880,6907,391,189594,1571,407988,2023,2023,12.054470382395586,381.5232627245683,10.977294722285267,114.72575996697516,10.618396224877586,5.971261839790462,435.423931358854,39.63584236521283,12.918993041189058
2023-01-01,R7,MARCOS HIGHWAY,110378,111850,6360,4749,4400,6604,481,108876,287,243636,2023,2023,11.61166611760484,334.43983016381287,8.757783656334167,68.9129886160802,8.389359819906353,6.1779441140506,329.9636343599094,16.941074346097416,12.403430587150241
2023-01-01,R7,MCARTHUR HIGHWAY,32007,64610,70,3664,4320,2884,355,74997,382,121189,2023,2023,10.37370990785957,254.18497201841024,4.248495242049359,60.530983801686226,8.371010681238156,5.87493073085203,273.85580147223465,19.544820285692065,11.70510658942259
2024-01-01,C1,RECTO,30708,98150,8230,2884,4610,743,94,59551,4650,109729,2024,2024,10.33227848594779,313.28900395641085,9.015541293671115,53.70288632839021,8.435983135990694,4.553876891600541,244.03073576908298,68.19090848492928,11.605768968665272
2024-01-01,C2,MENDOZA,54571,350,1300,2303,2440,7231,847,79105,1745,146211,2024,2024,10.907257885099419,18.708286933869708,7.170119543449628,47.989582202807306,7.799753318287247,6.742880635791903,281.2561110447202,41.773197148410844,11.892806062865558
2024-01-01,C2,QUIRINO AVENUE,74152,7630,1220,3172,4030,10020,1521,102419,2566,195138,2024,2024,11.21387231955567,87.34987120768983,7.106606137727303,56.32051136131489,8.301521654940728,7.3277805384216315,320.02968612302203,50.65570056765576,12.181462279557456
2024-01-01,C3,ARANETA AVENUE,79018,60,120,1918,6140,2718,331,51378,856,136851,2024,2024,11.277430953596989,7.745966692414834,4.787491742782046,43.79497688091638,8.722580021141189,5.805134968916488,226.66715686221505,29.257477676655586,11.826648021712861
2024-01-01,C4,EDSA,210980,10060,22990,10852,30190,2655,50,189078,13,419952,2024,2024,12.2595186212358,100.29955134495867,10.042814617757227,104.17293314484334,10.315266022700884,3.9318256327243257,434.83100165466584,3.605551275463989,12.947895698014156
2024-01-01,C5,C5,107706,4070,26900,3365,10110,8682,901,125970,30,250762,2024,2024,11.587160571899124,63.796551630946325,10.19988156558993,58.008620049092706,9.221280312014517,6.804614520062624,354.922526757601,5.477225575051661,12.432259561109808
2024-01-01,R1,ROXAS BOULEVARD,82145,78600,36830,9689,9900,2960,2091,92927,475,202820,2024,2024,11.316241257340437,280.3569153775237,10.51406800943911,98.43271813782245,9.20029003612268,7.645875825184813,304.83930192808145,21.79449471770337,12.220074165165988
2024-01-01,R2,TAFT AVENUE,39415,85490,67640,4929,30580,943,5,51620,3836,119119,2024,2024,10.581901733494009,292.3867302050488,11.121954803012517,70.20683727387241,10.328101479483053,1.791759469228055,227.2003521124032,61.93545026880809,11.68787827242675
2024-01-01,R3,SSH,85574,3580,1610,3533,11440,8230,2645,91901,95,193641,2024,2024,11.357136777674251,59.833101206606365,7.383989457978509,59.43904440685432,9.344871264933788,7.880804344674901,303.1517771678075,9.746794344808963,12.173761208262563
2024-01-01,R4,SHAW BOULEVARD,52610,30170,13050,2810,430,1413,147,83482,9,144836,2024,2024,10.870661494724853,173.69513522260777,9.47654341275084,53.009433122794285,6.063785208687608,4.997212273764115,288.93251807299225,3.0,11.883357346817755
2024-01-01,R5,ORTIGAS AVENUE,65431,275330,36950,2645,6340,4224,534,83909,160,188765,2024,2024,11.088751431256087,524.7189724033237,10.517320926376348,51.42956348249516,8.754634047431272,6.282266746896006,289.67050246789023,12.649110640673518,12.148258134152357
2024-01-01,R6,MAGSAYSAY BOULEVARD,50465,70620,6470,2722,7040,4027,1021,91293,2021,159962,2024,2024,10.82903530567296,265.7442379431772,8.774931387494947,52.172789842982326,8.859363449152088,6.92951677076365,302.14731506336443,44.955533585978046,11.982691566008373
2024-01-01,R6,AURORA BOULEVARD,46695,83480,23250,3318,7860,1966,66,67440,219,131163,2024,2024,10.751392371543819,288.92905703649814,10.054060411015502,57.60208329565867,8.969541885423252,4.204692619390966,259.6921254100709,14.798648586948742,11.784196103524087
2024-01-01,R7,QUEZON AVENUE,127876,51960,47820,9900,15930,3932,94,145218,89,298680,2024,2024,11.758816323360202,227.94736234490628,10.775199241012317,99.498743710662,9.675959402904095,4.553876891600541,381.07479580785713,9.433981132056603,12.607128045149638
2024-01-01,R7,COMMONWEALTH AVENUE,177912,164540,48200,11093,31840,7075,190,191104,1513,413345,2024,2024,12.089044325004666,405.63530418345,10.783114300038692,105.32331175955302,10.368478639958319,5.25227342804663,437.154434954056,38.897300677553446,12.932037874321221
2024-01-01,R8,A. BONIFACIO,38870,39140,1490,1798,18120,8749,882,50020,807,107001,2024,2024,10.567978023846269,197.83831782544047,7.306531398939505,42.40283009422838,9.80477157959697,6.78332520060396,223.6515146382872,28.407745422683583,11.580593459194764
2024-01-01,R9,RIZAL AVENUE,25190,79710,140,1644,3900,2069,17,49605,1575,88475,2024,2024,10.134202369346657,282.3295946230221,4.941642422609304,40.54626986542659,8.268731832117737,2.8903717578961645,222.72179956169535,39.68626966596886,11.390475305213664
2024-01-01,R10,DEL PAN,34103,6920,530,1614,970,5829,6685,63352,3900,116325,2024,2024,10.437140635941489,83.18653737234169,6.272877006546167,40.17461885320133,6.877296071497429,8.807771066980044,251.69823201603938,62.44997998398398,11.66414327671285
2024-01-01,R11,MARCOS HIGHWAY,111797,102510,5520,3826,5060,6946,673,131868,191,266610,2024,2024,11.624440005711623,320.17182886693826,8.616133139271142,61.85466837676846,8.52912176228151,6.513230110912307,363.13633803297625,13.820274961085254,12.49354219540063
2024-01-01,R11,MCARTHUR HIGHWAY,30890,62550,120,3198,4140,2989,317,81624,310,126009,2024,2024,10.338187785912627,250.099980007996,4.787491742782046,56.55086206239477,8.32845106681936,5.762051382780177,285.6991424558359,17.60681686165901,11.744108611954145
